Portfolio,Portfolio Return,Portfolio Risk,Sharpe Ratio,Largest Stock Allocation,Largest Stock
Random Portfolio 1,0.17717154289201018,0.13615531203612913,0.860572688202708,0.03772183455270168,BHARTIARTL.NS
Random Portfolio 2,0.17741118246380702,0.13668894525610104,0.8589661895760838,0.04042717815924504,EICHERMOT.NS
Random Portfolio 3,0.17152494803991788,0.13373426744778535,0.8339294794691362,0.04700980366101655,TATACONSUM.NS
Random Portfolio 4,0.1804376595530768,0.14254500001843595,0.8449097445543519,0.03904802414237423,INFY.NS
Random Portfolio 5,0.17076005709959502,0.1386164495522519,0.7990397781602656,0.0402098845970952,ADANIPORTS.NS
Random Portfolio 6,0.1832863509833059,0.1411750995417638,0.8732868004589869,0.04540955664939852,ONGC.NS
Random Portfolio 7,0.1625345873266491,0.13845685526951051,0.7405526228879198,0.04543677668988349,RELIANCE.NS
Random Portfolio 8,0.15872847793198822,0.14174803672627742,0.6965068456125277,0.0417890636209252,DRREDDY.NS
