Portfolio Return,Portfolio Risk,Sharpe Ratio,Risk-Free Rate
0.1720928897041614,0.13910434775205283,0.8058187361904883,0.06
